,Portfolio,Annualized Returns,Annualized Volatility
0,NDX ES50,0.04695922502961186,0.24431768573753215
1,Max R2,0.06885104575327805,0.36625113738072
2,Max Absolute Returns,0.17438184140185328,0.33956447496425135
3,Min Total Risk,0.13246648816836157,0.29231395306451263
4,Min Systematic Risk,0.13246648816836157,0.29231395306451263
5,Max Specific Risk,0.11691006800503526,0.3868485676940349
6,Max Beta,0.09248991288342147,0.3840030134800512
